# 20191126_M6.4_Albania median gmf, Stations:None, gmlt:GEM_best, Rupture:EFEHR
custom_site_id,lon,lat,KothaEtAl2020ESHM20SlopeGeology
s_0,19.4573,41.3199,0.2032252
s_1,20.4017,42.0731,0.012946091
s_10,20.84874,39.65616,0.0034910373
s_11,21.4243,38.3727,0.00029355884
s_12,16.8191,40.60325,0.0029711549
s_13,15.9427,40.7867,0.0013673926
s_14,23.2262,43.4111,0.0061860406
s_15,20.4878,38.1783,0.00031773103
s_16,21.76001,38.26933,0.00022339736
s_17,15.63277,40.39,0.00035768753
s_18,15.7296,40.4256,0.0004299115
s_19,15.8019,40.3249,0.00047488976
s_2,19.8078,41.3357,0.09915428
s_20,15.5782,40.7889,0.00045526656
s_21,22.675,43.6227,0.0056193233
s_22,15.7967,40.5722,0.0005201402
s_23,21.9209,38.5933,0.00023520821
s_24,15.7251,40.7619,0.0006617873
s_25,16.2114,39.2534,0.00027157867
s_26,20.9937,39.1474,0.00091518875
s_27,21.79118,38.29585,0.00022980337
s_28,23.575,39.998,0.0009891647
s_29,22.9506,39.366,0.00033611935
s_3,20.0799,41.1161,0.039690025
s_30,22.10797,38.03256,0.00013936932
s_31,19.4527,41.3206,0.20244579
s_32,19.6745,41.5755,0.112851515
s_33,19.787,41.3336,0.106120996
s_34,19.8111,41.3248,0.0972922
s_35,19.8232,41.316,0.088642105
s_36,19.7994,41.3067,0.093958005
s_37,19.7991,41.3247,0.09752976
s_38,19.8114,41.3068,0.08175227
s_39,19.8351,41.3161,0.08628504
s_4,19.5669,40.7174,0.02759474
s_40,19.8109,41.3338,0.096769534
s_41,19.8112,41.3158,0.09452799
s_42,19.823,41.325,0.092553124
s_43,19.7752,41.3245,0.102814965
s_44,19.8228,41.334,0.09311449
s_45,19.8346,41.3431,0.089768305
s_46,19.4841,40.4742,0.0172765
s_47,19.9642,40.7048,0.021919435
s_48,19.8348,41.3341,0.0903258
s_49,20.0769,41.1111,0.03958565
s_5,19.94546,40.70816,0.021994364
s_50,19.0953,42.0988,0.030431084
s_51,20.9581,41.5111,0.011631885
s_52,18.7087,42.4249,0.012266353
s_53,21.1769,42.6548,0.004656889
s_54,20.8964,42.5829,0.008584322
s_55,20.4351,42.3834,0.011376333
s_56,18.8348,42.2923,0.015109283
s_57,20.9577,41.9975,0.008971154
s_58,20.9097,41.7903,0.012440252
s_59,18.7694,42.4261,0.011556623
s_6,19.9202,39.61886,0.005973042
s_60,19.243,42.4434,0.017271517
s_61,21.4648,41.9876,0.007445295
s_62,20.9097,41.7993,0.012811016
s_63,20.9698,42.0065,0.010406557
s_64,18.6962,42.4337,0.011880783
s_66,20.2984,42.6618,0.00830636
s_67,20.7395,42.2134,0.009372318
s_68,19.2089,41.9295,0.04511277
s_69,21.4045,42.0058,0.00776378
s_7,21.14182,40.83499,0.0076855645
s_70,21.4166,42.0058,0.007858695
s_71,19.5072,42.0689,0.03786969
s_72,17.2469,40.4623,0.003797907
s_73,19.2675,42.4347,0.018520592
s_74,18.418,43.8594,0.0034446158
s_75,20.8035,41.1146,0.015302261
s_76,19.2575,42.7948,0.00877782
s_77,21.0915,42.6369,0.0058981488
s_78,16.8644,41.1267,0.0040342715
s_79,21.1648,42.6728,0.0046563447
s_8,17.85042,40.58941,0.0072346474
s_80,21.3804,42.0059,0.00673204
s_81,20.2862,42.6617,0.0083877165
s_82,21.3924,41.9968,0.0057250974
s_83,21.4286,41.9967,0.007625715
s_84,21.4406,41.9786,0.005576431
s_85,21.4527,41.9876,0.0077847275
s_86,20.5143,43.1402,0.0066109067
s_87,18.3811,43.8496,0.003254084
s_88,20.4879,44.8058,0.0010128432
s_89,22.5197,44.6672,0.00058517617
s_9,20.60808,38.63056,0.0005276312
s_90,19.7962,39.7127,0.0045913793
s_91,22.4892,40.1033,0.0013101646
t_1,19.38889,40.30764,0.011752588
t_10,19.39583,42.07084,0.031694867
t_100,19.47917,41.32084,0.22630344
t_1000,20.19583,41.40417,0.031142572
t_1001,20.19583,41.47917,0.03210067
t_1002,20.09583,41.4875,0.039287284
t_1003,20.1125,41.4875,0.039050967
t_1004,20.10417,41.52083,0.038936794
t_1005,20.08666,41.50733,0.04693491
t_1006,20.10379,41.58727,0.037146233
t_1007,20.1471,41.71776,0.026827572
t_1008,20.12459,41.87095,0.023453595
t_1009,20.11596,41.96607,0.018926738
t_101,19.47083,41.32084,0.21263754
t_1010,20.12622,42.09241,0.016274625
t_1011,20.08135,42.31895,0.014507034
t_1012,20.07912,42.32916,0.01542214
t_1013,20.09583,42.32917,0.01523235
t_1014,20.08891,42.35417,0.014319394
t_1015,20.07083,42.34583,0.011998084
t_1016,20.07917,42.34583,0.014439808
t_1017,20.07917,42.35417,0.012714291
t_1018,20.07083,42.35417,0.011982019
t_1019,20.10925,42.34671,0.014560128
t_102,19.47083,41.32917,0.23218122
t_1020,20.11204,42.36996,0.013916716
t_1021,20.07864,42.36937,0.011955254
t_1022,20.15401,42.38667,0.012907312
t_1023,20.15974,42.41571,0.009946265
t_1024,20.09878,42.4426,0.009698895
t_1025,20.12939,42.47869,0.009163771
t_1026,20.24229,39.74223,0.0045235534
t_1027,20.29486,39.90142,0.005310819
t_1028,20.24933,39.98425,0.006827978
t_1029,20.27145,40.07554,0.0064677517
t_103,19.47917,41.32917,0.23365393
t_1030,20.27798,40.27728,0.009639047
t_1031,20.25824,40.40522,0.010280375
t_1032,20.21666,40.475,0.011492111
t_1033,20.25,40.475,0.0114229005
t_1034,20.2375,40.51242,0.011958115
t_1035,20.22769,40.50485,0.011446989
t_1036,20.3,40.49166,0.010969946
t_1037,20.3,40.55833,0.011120814
t_1038,20.23333,40.55833,0.011748564
t_1039,20.25417,40.62917,0.012508241
t_104,19.47917,41.3375,0.24043517
t_1040,20.2284,40.8171,0.018555444
t_1041,20.22624,40.91962,0.021589749
t_1042,20.21919,41.04337,0.022194317
t_1043,20.22929,41.1652,0.029033126
t_1044,20.29583,41.15417,0.02263706
t_1045,20.31667,41.14167,0.020959446
t_1046,20.30417,41.1625,0.023058828
t_1047,20.3125,41.1625,0.022942776
t_1048,20.3125,41.17083,0.022936407
t_1049,20.30417,41.17083,0.023135176
t_105,19.47083,41.3375,0.23883823
t_1050,20.32855,41.17083,0.02440334
t_1051,20.32156,41.18175,0.025464306
t_1052,20.31176,41.18317,0.024595058
t_1053,20.29583,41.1875,0.024775444
t_1054,20.30759,41.20618,0.026381955
t_1055,20.20417,41.2125,0.03060012
t_1056,20.27451,41.27058,0.025952827
t_1057,20.20416,41.42036,0.031189159
t_1058,20.3,41.425,0.026124885
t_1059,20.29844,41.51438,0.026426243
t_106,19.49062,41.33237,0.21555124
t_1060,20.21396,41.48729,0.029212011
t_1061,20.25,41.475,0.027099257
t_1062,20.24837,41.51347,0.032246757
t_1063,20.22126,41.49912,0.02971069
t_1064,20.27884,41.59461,0.025280269
t_1065,20.23024,41.70198,0.024116581
t_1066,20.32444,41.69709,0.022447158
t_1067,20.30789,41.74192,0.021812838
t_1068,20.24523,41.75794,0.021858241
t_1069,20.25722,41.87148,0.017893009
t_107,19.48879,41.3495,0.255709
t_1070,20.26587,41.96822,0.016387114
t_1071,20.29253,42.0866,0.014635194
t_1072,20.24013,42.28355,0.011934283
t_1073,20.2125,42.37917,0.011621612
t_1074,20.37083,39.7875,0.0042149015
t_1075,20.34576,39.8917,0.0060587637
t_1076,20.36499,40.02357,0.00575822
t_1077,20.35974,40.11571,0.006453057
t_1078,20.35,40.20834,0.006785278
t_1079,20.38334,40.20864,0.0072497902
t_108,19.47876,41.35058,0.22454035
t_1080,20.37083,40.22917,0.008558944
t_1081,20.35509,40.23313,0.008092626
t_1082,20.42083,40.2058,0.007474566
t_1083,20.43333,40.29167,0.0077317064
t_1084,20.36667,40.29167,0.008008654
t_1085,20.42917,40.37083,0.010001739
t_1086,20.4,40.525,0.010148044
t_1087,20.39506,40.70417,0.015064706
t_1088,20.40747,40.79583,0.014997056
t_1089,20.4574,40.95393,0.01696667
t_109,19.51706,41.33904,0.22115682
t_1090,20.36667,41.025,0.018895946
t_1091,20.43333,41.025,0.017779134
t_1092,20.44797,41.09089,0.018725155
t_1093,20.37917,41.12083,0.019348755
t_1094,20.37585,41.14629,0.021100935
t_1095,20.39583,41.32084,0.02365529
t_1096,20.36667,41.425,0.022689387
t_1097,20.45495,41.42963,0.020057658
t_1098,20.42114,41.50897,0.02261641
t_1099,20.36873,41.50191,0.02251556
t_11,19.38145,42.22351,0.02872971
t_110,19.51666,41.37131,0.2412676
t_1100,20.35472,41.57398,0.020927258
t_1101,20.42442,41.53882,0.022352938
t_1102,20.44852,41.53912,0.023237392
t_1103,20.45742,41.57818,0.022358637
t_1104,20.42812,41.5662,0.020930555
t_1105,20.44309,41.632,0.020877207
t_1106,20.36808,41.63304,0.022532135
t_1107,20.34627,41.67453,0.023776652
t_1108,20.38282,41.67531,0.022344053
t_1109,20.38791,41.71606,0.020128647
t_111,19.48481,41.37228,0.24106936
t_1110,20.35493,41.70267,0.023777451
t_1111,20.41045,41.67042,0.022219248
t_1112,20.42083,41.66756,0.019755466
t_1113,20.42083,41.67916,0.021514634
t_1114,20.42917,41.67916,0.021532668
t_1115,20.42917,41.6875,0.019095976
t_1116,20.42083,41.6875,0.01987314
t_1117,20.41176,41.6875,0.020879535
t_1118,20.44395,41.68121,0.018782752
t_1119,20.44454,41.70528,0.017432164
t_112,19.42917,41.3342,0.18158318
t_1120,20.4117,41.70569,0.019256731
t_1121,20.43702,41.75584,0.017079964
t_1122,20.36348,41.7488,0.020963054
t_1123,20.35363,41.83331,0.018286357
t_1124,20.44721,41.82743,0.01600958
t_1125,20.42713,41.89738,0.015286405
t_1126,20.38082,41.90906,0.014791008
t_1127,20.38254,41.94595,0.01579017
t_1128,20.43951,41.97876,0.014223721
t_1129,20.41368,42.00026,0.0153638935
t_113,19.42917,41.34974,0.18805403
t_1130,20.45963,41.99711,0.013644921
t_1131,20.44112,42.04652,0.013892945
t_1132,20.4125,42.02917,0.016279992
t_1133,20.42547,42.03722,0.015191674
t_1134,20.4227,42.05346,0.016853478
t_1135,20.40833,42.05,0.015890336
t_1136,20.3811,42.02058,0.014148718
t_1137,20.37213,42.08099,0.013703751
t_1138,20.40621,42.07083,0.013188622
t_1139,20.42609,42.07028,0.015436292
t_114,19.4375,41.32917,0.17874537
t_1140,20.42392,42.08093,0.015047696
t_1141,20.41177,42.07982,0.015152626
t_1142,20.45073,42.06702,0.014297417
t_1143,20.4375,42.10417,0.012343928
t_1144,20.41805,42.09881,0.0132463835
t_1145,20.43333,42.15833,0.011289947
t_1146,20.36692,42.15662,0.011976653
t_1147,20.37767,42.23048,0.0122125745
t_1148,20.41199,42.19826,0.011680856
t_1149,20.40796,42.2625,0.010461803
t_115,19.44583,41.32917,0.19787633
t_1150,20.38497,42.27385,0.011069973
t_1151,20.58975,40.15062,0.006382872
t_1152,20.53333,40.25834,0.0070650913
t_1153,20.53333,40.39166,0.008231364
t_1154,20.58749,40.52518,0.009378565
t_1155,20.58919,40.63282,0.011383967
t_1156,20.57202,40.7363,0.012667902
t_1157,20.5,40.89166,0.01376653
t_1158,20.5685,40.90037,0.012658788
t_1159,20.57083,40.97917,0.0139901275
t_116,19.44583,41.3375,0.20112129
t_1160,20.50463,40.95912,0.014567214
t_1161,20.47862,41.03906,0.017804809
t_1162,20.55899,41.03896,0.015610798
t_1163,20.54908,41.07029,0.015781352
t_1164,20.58059,41.07429,0.016988972
t_1165,20.57762,41.10125,0.013899311
t_1166,20.55,41.10833,0.015725506
t_1167,20.48327,41.0661,0.018072836
t_1168,20.5149,41.17922,0.016684331
t_1169,20.49666,41.33404,0.018866444
t_117,19.4375,41.3375,0.18499283
t_1170,20.52043,41.431,0.019154342
t_1171,20.49203,41.58018,0.01902671
t_1172,20.54417,41.58417,0.015727576
t_1173,20.5375,41.60417,0.015729466
t_1174,20.48959,41.61222,0.017582526
t_1175,20.4943,41.73612,0.015672674
t_1176,20.50264,41.82069,0.015365867
t_1177,20.50532,41.96883,0.013223956
t_1178,20.58491,41.98418,0.01340055
t_1179,20.57095,42.02852,0.01123832
t_118,19.45417,41.32917,0.2105574
t_1180,20.49554,42.03075,0.01190484
t_1181,20.51169,42.07767,0.011863671
t_1182,20.47083,42.22917,0.0113159865
t_1183,20.60417,40.15258,0.005964367
t_1184,20.67748,40.30754,0.007304669
t_1185,20.63615,40.35309,0.0079151355
t_1186,20.68518,40.34445,0.007845966
t_1187,20.69341,40.41,0.0076645208
t_1188,20.6375,40.4336,0.009230231
t_1189,20.6125,40.47083,0.007680163
t_119,19.4625,41.32917,0.23009545
t_1190,20.71154,40.50649,0.0073469128
t_1191,20.70288,40.55145,0.009245137
t_1192,20.61405,40.52917,0.00960018
t_1193,20.65001,40.62703,0.009478296
t_1194,20.69273,40.60968,0.008921276
t_1195,20.70817,40.61312,0.010183093
t_1196,20.71289,40.63594,0.009461352
t_1197,20.69583,40.62917,0.0089142
t_1198,20.68333,40.675,0.009399736
t_1199,20.7259,40.68325,0.01052483
t_12,19.52917,40.1875,0.009854186
t_120,19.4625,41.3375,0.23657922
t_1200,20.71305,40.7042,0.010624926
t_1201,20.69132,40.70939,0.010547923
t_1202,20.63333,40.69167,0.009905372
t_1203,20.6625,40.72917,0.011693544
t_1204,20.68333,40.74167,0.01084148
t_1205,20.72165,40.74228,0.0116537055
t_1206,20.71541,40.78631,0.011341646
t_1207,20.68333,40.775,0.010392411
t_1208,20.69456,40.80325,0.011355125
t_1209,20.71854,40.80839,0.01140149
t_121,19.45417,41.3375,0.22044298
t_1210,20.71603,40.85086,0.011834635
t_1211,20.6808,40.85417,0.011741014
t_1212,20.65813,40.84178,0.011962847
t_1213,20.61667,40.875,0.012350239
t_1214,20.64167,40.86667,0.011911574
t_1215,20.65833,40.86667,0.011223461
t_1216,20.65417,40.87917,0.0109293265
t_1217,20.6625,40.87917,0.011216884
t_1218,20.6625,40.8875,0.013392986
t_1219,20.65417,40.8875,0.011912268
t_122,19.45477,41.34624,0.23971274
t_1220,20.6375,40.87917,0.016259706
t_1221,20.64583,40.87917,0.011575404
t_1222,20.64583,40.8875,0.011393076
t_1223,20.6375,40.8875,0.011999508
t_1224,20.65697,40.90038,0.013443689
t_1225,20.61667,40.90833,0.012408095
t_1226,20.67488,40.87084,0.01095797
t_1227,20.69275,40.86986,0.011635203
t_1228,20.68762,40.8862,0.013812276
t_1229,20.67653,40.88583,0.013597596
t_123,19.44274,41.34833,0.21085815
t_1230,20.71324,40.8857,0.012729762
t_1231,20.71905,40.90387,0.0128514115
t_1232,20.67581,40.89708,0.014181224
t_1233,20.69387,40.95548,0.020340724
t_1234,20.64012,40.94783,0.012539179
t_1235,20.62774,41.05118,0.01567049
t_1236,20.60454,41.97917,0.012603908
t_1237,20.74166,40.31667,0.0062487456
t_1238,20.76404,40.40473,0.0062021273
t_1239,20.76675,40.57359,0.008118086
t_124,19.44718,41.36743,0.23326157
t_1240,20.74565,40.60417,0.010036854
t_1241,20.75417,40.59583,0.009779171
t_1242,20.7625,40.59583,0.009645877
t_1243,20.7625,40.60417,0.009763589
t_1244,20.75417,40.60417,0.009900823
t_1245,20.75417,40.6125,0.010018329
t_1246,20.7625,40.6125,0.009857274
t_1247,20.7625,40.62083,0.010005699
t_1248,20.75417,40.62083,0.010162649
t_1249,20.74257,40.62062,0.010459868
t_125,19.42732,41.36726,0.19701289
t_1250,20.77083,40.59583,0.009530404
t_1251,20.77917,40.59583,0.009437868
t_1252,20.77917,40.60417,0.009523939
t_1253,20.77083,40.60417,0.009638653
t_1254,20.79053,40.60318,0.009143766
t_1255,20.78783,40.61549,0.008587164
t_1256,20.77083,40.6125,0.0097157275
t_1257,20.77917,40.6125,0.009522095
t_1258,20.77917,40.62083,0.009504287
t_1259,20.77083,40.62083,0.009843571
t_126,19.42597,41.38473,0.2178144
t_1260,20.78239,40.63216,0.009646558
t_1261,20.75452,40.64526,0.010386737
t_1262,20.80725,40.63155,0.007833181
t_1263,20.82341,40.66953,0.009387031
t_1264,20.84252,40.68081,0.007834581
t_1265,20.84063,40.71505,0.010420688
t_1266,20.81636,40.69879,0.011038792
t_1267,20.75597,40.68327,0.010873556
t_1268,20.77356,40.74717,0.011837283
t_1269,20.84252,40.73638,0.009823489
t_127,19.43979,41.39637,0.24941511
t_1270,20.80417,40.81867,0.008383634
t_1271,20.74113,40.80993,0.01199052
t_1272,20.7853,40.80373,0.011005436
t_1273,20.78031,40.84426,0.010147438
t_1274,20.75406,40.84865,0.01139763
t_1275,20.78212,40.86676,0.009595607
t_1276,20.92822,40.50697,0.007297544
t_1277,20.9375,40.48592,0.0064286524
t_1278,20.9659,40.54334,0.0075061913
t_1279,20.92194,40.55632,0.007369991
t_128,19.5134,41.41452,0.245069
t_1280,20.91767,40.62385,0.008061816
t_1281,20.95,40.60833,0.008356253
t_1282,20.97897,40.59618,0.007931059
t_1283,20.99583,40.59583,0.007932224
t_1284,20.98779,40.62082,0.007611714
t_1285,20.97917,40.61648,0.008242512
t_1286,20.98749,40.63211,0.007776715
t_1287,20.9625,40.65417,0.008658452
t_1288,20.96302,40.68409,0.0068217963
t_1289,20.89949,40.69081,0.0077372137
t_129,19.52228,41.48784,0.220524
t_1290,20.89965,40.77365,0.008068065
t_1291,20.92506,40.88997,0.009232802
t_1292,21.01891,40.57084,0.0074657896
t_1293,21.01053,40.6086,0.0067638536
t_13,19.48858,40.29301,0.010783493
t_130,19.50938,41.54543,0.18052866
t_131,19.43382,41.87853,0.060416527
t_132,19.42857,41.97975,0.05027965
t_133,19.47761,41.94023,0.049388643
t_134,19.51864,41.95204,0.047007836
t_135,19.52082,41.97747,0.04372431
t_136,19.4869,41.97797,0.050043736
t_137,19.48549,42.01702,0.040870786
t_138,19.522,42.00916,0.041788206
t_139,19.50657,42.03136,0.040246952
t_14,19.4625,40.32917,0.018081648
t_140,19.52441,42.03543,0.04253654
t_141,19.52083,42.04583,0.040002353
t_142,19.52917,42.04583,0.04111123
t_143,19.52917,42.05416,0.038096525
t_144,19.52083,42.05416,0.038447246
t_145,19.50417,42.04583,0.038356606
t_146,19.5125,42.04583,0.039062276
t_147,19.5125,42.05416,0.03763809
t_148,19.50417,42.05416,0.03851559
t_149,19.47826,42.03444,0.032987375
t_15,19.4125,40.32917,0.011009064
t_150,19.49469,42.03543,0.039923947
t_151,19.4875,42.04583,0.032709174
t_152,19.49583,42.04583,0.041595776
t_153,19.49583,42.05416,0.03770934
t_154,19.4875,42.05416,0.03810356
t_155,19.47698,42.05382,0.031969562
t_156,19.41606,42.00521,0.044078447
t_157,19.44835,42.01308,0.042128652
t_158,19.45539,42.05371,0.029194685
t_159,19.41305,42.03224,0.039166417
t_16,19.48216,40.34152,0.013779977
t_160,19.43429,42.0657,0.03314886
t_161,19.475,42.06667,0.04045714
t_162,19.4875,42.0625,0.042600185
t_163,19.49583,42.0625,0.038533047
t_164,19.49583,42.07084,0.03774325
t_165,19.4875,42.07084,0.03836272
t_166,19.49339,42.07996,0.037544813
t_167,19.47917,42.07917,0.0427946
t_168,19.50417,42.0625,0.037323494
t_169,19.5125,42.0625,0.038604166
t_17,19.48708,40.41339,0.013889856
t_170,19.5125,42.07084,0.037977785
t_171,19.50417,42.07084,0.037732463
t_172,19.52083,42.0625,0.03885327
t_173,19.52917,42.0625,0.037626177
t_174,19.52917,42.07084,0.03724361
t_175,19.52083,42.07084,0.037856262
t_176,19.52536,42.08158,0.03659812
t_177,19.50839,42.08204,0.036672834
t_178,19.51488,42.10382,0.034482397
t_179,19.49583,42.11034,0.037643533
t_18,19.51667,40.40833,0.012667044
t_180,19.49085,42.14606,0.030848455
t_181,19.45455,42.17903,0.031121377
t_182,19.42333,42.21164,0.026961636
t_183,19.44233,42.21018,0.026814077
t_184,19.45067,42.24415,0.024579445
t_185,19.42603,42.24457,0.025022067
t_186,19.47786,42.2308,0.022760026
t_187,19.51416,42.28208,0.021352142
t_188,19.43517,42.28269,0.022273507
t_189,19.47791,42.38238,0.015396329
t_19,19.51191,40.44313,0.013673387
t_190,19.63366,40.15264,0.009324268
t_191,19.62759,40.28903,0.010679295
t_192,19.59969,40.42131,0.014162529
t_193,19.56581,40.48026,0.01721073
t_194,19.64187,40.48934,0.015474395
t_195,19.61395,40.53519,0.01673698
t_196,19.63901,40.53326,0.017563818
t_197,19.64969,40.57889,0.019863727
t_198,19.61455,40.57919,0.018426219
t_199,19.53795,40.54432,0.019498518
t_2,19.35813,40.38658,0.0117047215
t_20,19.49583,40.43394,0.014565856
t_200,19.59385,40.54128,0.01881055
t_201,19.57603,40.57046,0.020763645
t_202,19.53854,40.57175,0.019863244
t_203,19.56143,40.61542,0.020968419
t_204,19.63093,40.61856,0.019595958
t_205,19.61026,40.66771,0.02400876
t_206,19.6264,40.66907,0.02396574
t_207,19.62396,40.6829,0.024797268
t_208,19.60967,40.68608,0.025356654
t_209,19.64672,40.6754,0.023546396
t_21,19.49583,40.44584,0.01505222
t_210,19.64992,40.70857,0.02662397
t_211,19.61819,40.7093,0.027508385
t_212,19.54935,40.6776,0.023240866
t_213,19.58073,40.67811,0.024311986
t_214,19.57722,40.71109,0.026706731
t_215,19.54408,40.70265,0.025964128
t_216,19.55624,40.70202,0.026474345
t_217,19.55417,40.7125,0.027911184
t_218,19.5625,40.7125,0.027204067
t_219,19.5625,40.72083,0.02811974
t_22,19.49583,40.45417,0.01533605
t_220,19.55417,40.72083,0.02881164
t_221,19.5375,40.7125,0.027602993
t_222,19.54583,40.7125,0.027990324
t_223,19.54583,40.72083,0.028692996
t_224,19.5375,40.72083,0.028594434
t_225,19.5375,40.72917,0.029736817
t_226,19.54583,40.72917,0.029427843
t_227,19.54583,40.7375,0.030384947
t_228,19.5375,40.7375,0.030407533
t_229,19.55417,40.72917,0.02933652
t_23,19.4875,40.45417,0.016175283
t_230,19.5625,40.72917,0.029092887
t_231,19.5625,40.7375,0.029978469
t_232,19.55417,40.7375,0.02987992
t_233,19.5604,40.75299,0.03199492
t_234,19.53985,40.75417,0.03170133
t_235,19.57614,40.73801,0.029766522
t_236,19.58094,40.77077,0.030011313
t_237,19.55278,40.77062,0.032552976
t_238,19.62677,40.74674,0.03167805
t_239,19.65205,40.74187,0.029470628
t_24,19.47917,40.45417,0.016200265
t_240,19.65343,40.77078,0.032888304
t_241,19.62315,40.78328,0.033572916
t_242,19.60796,40.80731,0.03165626
t_243,19.64996,40.81265,0.03634012
t_244,19.64383,40.84884,0.03951933
t_245,19.61352,40.83201,0.03406391
t_246,19.56223,40.80544,0.03310367
t_247,19.57438,40.80625,0.03254468
t_248,19.57475,40.85286,0.03503508
t_249,19.55565,40.83744,0.03756054
t_25,19.4625,40.4625,0.01615667
t_250,19.55077,40.88035,0.039189324
t_251,19.58383,40.88542,0.04017622
t_252,19.58432,40.91503,0.041044265
t_253,19.53886,40.91176,0.040173676
t_254,19.61843,40.8863,0.044187892
t_255,19.64691,40.87923,0.042070393
t_256,19.63862,40.90175,0.044780336
t_257,19.62024,40.89902,0.044261698
t_258,19.61667,40.94167,0.049180347
t_259,19.6625,40.94836,0.04786879
t_26,19.4625,40.47083,0.01749347
t_260,19.6625,40.98687,0.049816053
t_261,19.61354,40.9875,0.057923194
t_262,19.55863,40.95882,0.0468914
t_263,19.55967,41.02999,0.061285917
t_264,19.61476,40.99583,0.05925617
t_265,19.66205,41.01127,0.052679334
t_266,19.64895,41.0486,0.05910063
t_267,19.61188,41.03699,0.06419485
t_268,19.62101,41.03723,0.06401343
t_269,19.62489,41.0519,0.066316366
t_27,19.45417,40.47083,0.016310507
t_270,19.60984,41.05276,0.067361906
t_271,19.61602,41.07959,0.06815901
t_272,19.64018,41.06881,0.06442737
t_273,19.65892,41.06708,0.0629067
t_274,19.65992,41.0792,0.062194612
t_275,19.64323,41.08177,0.06424978
t_276,19.65,41.10833,0.0659982
t_277,19.61112,41.10627,0.07031583
t_278,19.55516,41.07486,0.06666982
t_279,19.59481,41.07,0.07266181
t_28,19.4596,40.48024,0.019211618
t_280,19.57845,41.11211,0.08143714
t_281,19.55082,41.11119,0.07573275
t_282,19.55912,41.14613,0.09340084
t_283,19.58112,41.13921,0.087123066
t_284,19.57355,41.17004,0.0971564
t_285,19.54377,41.16811,0.103236474
t_286,19.55417,41.1625,0.10002489
t_287,19.5625,41.1625,0.09816203
t_288,19.5625,41.17083,0.09991131
t_289,19.55417,41.17083,0.10311545
t_29,19.44149,40.48397,0.016664427
t_290,19.55839,41.18325,0.106452845
t_291,19.5375,41.17916,0.10781121
t_292,19.54583,41.17916,0.10729998
t_293,19.54583,41.1875,0.10962445
t_294,19.5375,41.1875,0.11097546
t_295,19.62371,41.14013,0.08319965
t_296,19.64796,41.25417,0.102527
t_297,19.54688,41.20534,0.123354785
t_298,19.54254,41.2625,0.15194504
t_299,19.59422,41.28366,0.13765931
t_3,19.38688,40.55849,0.019985193
t_30,19.45635,40.49823,0.016988024
t_300,19.57966,41.30555,0.17604679
t_301,19.5583,41.31488,0.19463184
t_302,19.63652,41.2695,0.118010156
t_303,19.61202,41.33731,0.16697384
t_304,19.65,41.34167,0.14077389
t_305,19.65548,41.38634,0.15634254
t_306,19.61583,41.3766,0.18527676
t_307,19.54015,41.33604,0.2170811
t_308,19.55417,41.32917,0.20823567
t_309,19.5625,41.32917,0.20059353
t_31,19.4173,40.51122,0.01882389
t_310,19.5625,41.3375,0.19939879
t_311,19.55417,41.3375,0.21404465
t_312,19.55826,41.34807,0.20558617
t_313,19.54457,41.3494,0.22417155
t_314,19.57356,41.34496,0.19495913
t_315,19.58369,41.36906,0.21729948
t_316,19.54236,41.36775,0.2331796
t_317,19.55675,41.36635,0.21829411
t_318,19.55417,41.3828,0.23805457
t_319,19.54189,41.38256,0.24313964
t_32,19.47083,40.4625,0.016553074
t_320,19.54487,41.4035,0.24509361
t_321,19.5953,41.41336,0.20654082
t_322,19.58138,41.44082,0.2036338
t_323,19.54845,41.43439,0.22887297
t_324,19.64312,41.40145,0.17649369
t_325,19.6431,41.49383,0.13999689
t_326,19.55813,41.48111,0.1977883
t_327,19.58159,41.54366,0.14495718
t_328,19.61261,41.53102,0.1402943
t_329,19.64834,41.54981,0.1325527
t_33,19.47917,40.4625,0.017595286
t_330,19.65314,41.56925,0.12273146
t_331,19.61307,41.58699,0.13967809
t_332,19.61388,41.60363,0.12878966
t_333,19.65226,41.61299,0.11719066
t_334,19.64989,41.64218,0.10911074
t_335,19.61895,41.64294,0.11748829
t_336,19.58555,41.65417,0.11229262
t_337,19.59106,41.6049,0.11987552
t_338,19.59228,41.69335,0.102568045
t_339,19.62014,41.67849,0.106678106
t_34,19.47917,40.47083,0.018974038
t_340,19.65291,41.68015,0.0952222
t_341,19.65312,41.71097,0.08999928
t_342,19.61425,41.70724,0.10017259
t_343,19.62166,41.74545,0.08879419
t_344,19.64882,41.73957,0.08579447
t_345,19.6375,41.7625,0.082438506
t_346,19.64583,41.7625,0.08127346
t_347,19.64583,41.77083,0.07228513
t_348,19.6375,41.77083,0.07619899
t_349,19.65598,41.76951,0.067051604
t_35,19.47083,40.47083,0.019415436
t_350,19.65456,41.78038,0.053778537
t_351,19.64147,41.7824,0.06771322
t_352,19.6125,41.76942,0.08426241
t_353,19.62786,41.76807,0.08251543
t_354,19.62714,41.78285,0.068764985
t_355,19.6125,41.77917,0.08194303
t_356,19.60417,41.77917,0.07261772
t_357,19.59583,41.75417,0.090516046
t_358,19.58333,41.7625,0.084139206
t_359,19.58879,41.81607,0.05529979
t_36,19.4875,40.4625,0.017111368
t_360,19.60834,41.80199,0.059335396
t_361,19.64572,41.81274,0.061742652
t_362,19.647,41.83697,0.057810087
t_363,19.61167,41.83896,0.05000178
t_364,19.63111,41.88985,0.052703388
t_365,19.57178,41.89794,0.052089054
t_366,19.54915,41.93536,0.0526599
t_367,19.58092,41.94065,0.052493203
t_368,19.58611,41.98182,0.045389574
t_369,19.5446,41.97547,0.04451536
t_37,19.49583,40.4625,0.016789448
t_370,19.61731,41.94725,0.0472952
t_371,19.6456,41.93861,0.043492526
t_372,19.63903,41.97459,0.041015968
t_373,19.61768,41.98122,0.04526376
t_374,19.62925,42.00616,0.038499985
t_375,19.54997,42.00283,0.045092378
t_376,19.58242,42.01279,0.038305935
t_377,19.57464,42.04332,0.030815573
t_378,19.55161,42.03963,0.038794458
t_379,19.54434,42.08123,0.034978956
t_38,19.49583,40.47083,0.016809763
t_380,19.58794,42.06677,0.03251357
t_381,19.57629,42.11593,0.030716415
t_382,19.54012,42.09766,0.034610387
t_383,19.55847,42.10194,0.03385616
t_384,19.56121,42.11814,0.03160475
t_385,19.53752,42.11252,0.03344978
t_386,19.61306,42.09226,0.029364701
t_387,19.62506,42.14488,0.023507731
t_388,19.55922,42.13321,0.026774786
t_389,19.61966,42.28885,0.017428802
t_39,19.4875,40.47083,0.017178878
t_390,19.61917,42.41492,0.013966823
t_391,19.62239,42.50558,0.012988458
t_392,19.65905,42.60648,0.011396383
t_393,19.79583,40.05416,0.008293039
t_394,19.74266,40.10811,0.008164172
t_395,19.70783,40.26262,0.010339431
t_396,19.72637,40.37907,0.011900215
t_397,19.69784,40.50866,0.016368372
t_398,19.76672,40.47522,0.014594729
t_399,19.74006,40.56445,0.017411297
t_4,19.27917,40.49416,0.015802914
t_40,19.49019,40.4807,0.017120948
t_400,19.68466,40.54993,0.018715544
t_401,19.70548,40.5434,0.01864802
t_402,19.72081,40.57567,0.016729208
t_403,19.68234,40.5625,0.017474363
t_404,19.69584,40.6029,0.018259333
t_405,19.72225,40.60318,0.017735438
t_406,19.70811,40.64038,0.020598043
t_407,19.68481,40.64388,0.022000814
t_408,19.74322,40.60208,0.020100024
t_409,19.76118,40.70196,0.02343009
t_41,19.47083,40.47917,0.019922806
t_410,19.70182,40.70875,0.025368163
t_411,19.68609,40.73392,0.028372929
t_412,19.7079,40.73751,0.02769958
t_413,19.71853,40.78169,0.033383574
t_414,19.68782,40.77461,0.03353443
t_415,19.74759,40.75198,0.02755153
t_416,19.7879,40.74259,0.024628747
t_417,19.78192,40.78316,0.029318836
t_418,19.75576,40.77845,0.030643072
t_419,19.75501,40.80324,0.033084814
t_42,19.47917,40.47917,0.018041879
t_420,19.77776,40.80495,0.030212546
t_421,19.78195,40.84463,0.033011477
t_422,19.75536,40.83986,0.03576091
t_423,19.68137,40.80342,0.03499677
t_424,19.72184,40.80149,0.03451138
t_425,19.71328,40.84242,0.03756341
t_426,19.67579,40.83326,0.03736508
t_427,19.6812,40.87437,0.04072866
t_428,19.71285,40.86768,0.03963266
t_429,19.7125,40.89583,0.04189661
t_43,19.47917,40.4875,0.017496457
t_430,19.7281,40.89679,0.040991746
t_431,19.72263,40.91923,0.039780203
t_432,19.70788,40.92009,0.04232675
t_433,19.67917,40.89583,0.043446615
t_434,19.69288,40.90367,0.04323244
t_435,19.69168,40.91392,0.043742206
t_436,19.675,40.91666,0.044843968
t_437,19.75283,40.8729,0.038878787
t_438,19.78214,40.87273,0.037696898
t_439,19.78895,40.90402,0.034441166
t_44,19.47083,40.4875,0.018246574
t_440,19.74879,40.90132,0.036506772
t_441,19.77439,40.9559,0.04131158
t_442,19.675,40.93744,0.046436932
t_443,19.6875,40.92916,0.044971775
t_444,19.69583,40.92916,0.044744935
t_445,19.69583,40.9375,0.04406838
t_446,19.6875,40.9375,0.0457162
t_447,19.69344,40.9487,0.04382974
t_448,19.67422,40.9462,0.047528468
t_449,19.708,40.934,0.04098584
t_45,19.5088,40.47637,0.015982378
t_450,19.72206,40.93475,0.039610133
t_451,19.72546,40.95238,0.0420889
t_452,19.70782,40.94743,0.040225644
t_453,19.70706,40.96956,0.047277015
t_454,19.68198,40.97189,0.046464685
t_455,19.67343,41.00288,0.049517877
t_456,19.72493,41.02083,0.051222727
t_457,19.71919,41.04169,0.053651694
t_458,19.68709,41.04258,0.052177947
t_459,19.75118,41.01058,0.04711522
t_46,19.51835,40.50575,0.017743124
t_460,19.77849,41.00248,0.04802269
t_461,19.78182,41.04275,0.048386432
t_462,19.74003,41.03614,0.06279818
t_463,19.75897,41.03336,0.05353183
t_464,19.75567,41.04636,0.050794903
t_465,19.74418,41.04584,0.052423596
t_466,19.77791,41.09537,0.049874257
t_467,19.68277,41.07125,0.058491293
t_468,19.70907,41.16111,0.06683891
t_469,19.75938,41.16968,0.064323165
t_47,19.48325,40.50579,0.01733057
t_470,19.76889,41.22266,0.07671677
t_471,19.70524,41.21966,0.08630589
t_472,19.68911,41.26578,0.108271
t_473,19.71452,41.27908,0.10117054
t_474,19.72396,41.2971,0.107299335
t_475,19.69583,41.30416,0.109093316
t_476,19.74785,41.28526,0.09764529
t_477,19.78802,41.27302,0.0870476
t_478,19.77213,41.30312,0.09664808
t_479,19.7875,41.29583,0.097794324
t_48,19.50125,40.55099,0.019040875
t_480,19.79583,41.29583,0.08275425
t_481,19.79583,41.30416,0.094446264
t_482,19.7875,41.30416,0.092076264
t_483,19.7875,41.3125,0.09109064
t_484,19.79583,41.3125,0.08483494
t_485,19.79583,41.32084,0.09785545
t_486,19.7875,41.32084,0.09835251
t_487,19.77083,41.3125,0.09314453
t_488,19.77917,41.3125,0.09305315
t_489,19.77917,41.32084,0.1009664
t_49,19.46054,40.5451,0.018728592
t_490,19.77083,41.32084,0.10877661
t_491,19.74204,41.3002,0.108610064
t_492,19.75417,41.29583,0.10516889
t_493,19.7625,41.29583,0.101993516
t_494,19.7625,41.30416,0.09511408
t_495,19.75417,41.30416,0.10656245
t_496,19.76068,41.31454,0.10831277
t_497,19.74256,41.31806,0.109089546
t_498,19.7375,41.32962,0.11429046
t_499,19.75417,41.32917,0.12605666
t_5,19.38404,40.65577,0.027192177
t_50,19.40836,40.6135,0.025187965
t_500,19.7625,41.32917,0.112424046
t_501,19.7625,41.3375,0.106505044
t_502,19.75417,41.3375,0.11185302
t_503,19.75417,41.34583,0.11120875
t_504,19.7625,41.34583,0.11549737
t_505,19.7625,41.35417,0.117310196
t_506,19.75417,41.35417,0.119914435
t_507,19.7375,41.34583,0.12798735
t_508,19.74583,41.34583,0.11113743
t_509,19.74583,41.35417,0.11945884
t_51,19.46014,40.61125,0.024327155
t_510,19.7375,41.35417,0.11838008
t_511,19.77083,41.32917,0.106253326
t_512,19.77917,41.32917,0.10590981
t_513,19.77917,41.3375,0.10937495
t_514,19.77083,41.3375,0.11485744
t_515,19.7875,41.32917,0.105056
t_516,19.79583,41.32917,0.1017342
t_517,19.79583,41.3375,0.103990145
t_518,19.7875,41.3375,0.1065639
t_519,19.79129,41.34965,0.10469397
t_52,19.45327,40.63902,0.025999613
t_520,19.77083,41.34583,0.11305295
t_521,19.77917,41.34583,0.110045865
t_522,19.77917,41.35417,0.110131264
t_523,19.77083,41.35417,0.114696614
t_524,19.77083,41.3625,0.11182867
t_525,19.77917,41.3625,0.11257852
t_526,19.77917,41.37083,0.10988594
t_527,19.77083,41.37083,0.113288224
t_528,19.7875,41.3625,0.13940307
t_529,19.79583,41.3625,0.110899255
t_53,19.41011,40.63976,0.026470844
t_530,19.79583,41.37083,0.1063616
t_531,19.7875,41.37083,0.107910156
t_532,19.79158,41.38001,0.10764651
t_533,19.7747,41.3832,0.11502019
t_534,19.7375,41.3625,0.12749211
t_535,19.74583,41.3625,0.12771325
t_536,19.74583,41.37083,0.1296537
t_537,19.7375,41.37083,0.13341822
t_538,19.75417,41.3625,0.12231244
t_539,19.7625,41.3625,0.11574295
t_54,19.48063,40.61327,0.022912903
t_540,19.7625,41.37083,0.11918961
t_541,19.75417,41.37083,0.124713145
t_542,19.75417,41.37917,0.1254832
t_543,19.7625,41.37917,0.11980851
t_544,19.7625,41.3875,0.12061624
t_545,19.75417,41.3875,0.12417708
t_546,19.7375,41.37917,0.13412715
t_547,19.74583,41.37917,0.13013653
t_548,19.74583,41.3875,0.13032913
t_549,19.7375,41.3875,0.13627055
t_55,19.52168,40.61286,0.022591166
t_550,19.69218,41.35102,0.1384747
t_551,19.7125,41.3375,0.12842207
t_552,19.72845,41.3298,0.10938742
t_553,19.72486,41.35252,0.120468386
t_554,19.70728,41.35254,0.122419074
t_555,19.70866,41.36599,0.13694057
t_556,19.72603,41.36571,0.1324293
t_557,19.72383,41.38117,0.14001046
t_558,19.70546,41.38301,0.14671466
t_559,19.67702,41.36794,0.15677421
t_56,19.5095,40.6428,0.023133038
t_560,19.69128,41.36988,0.14825025
t_561,19.69542,41.38114,0.13538416
t_562,19.67302,41.38198,0.16050573
t_563,19.67989,41.40647,0.15525238
t_564,19.70988,41.39981,0.15126368
t_565,19.72592,41.40119,0.1418593
t_566,19.72795,41.41747,0.14066148
t_567,19.71153,41.41854,0.15001668
t_568,19.72393,41.44394,0.13639851
t_569,19.68411,41.43903,0.1489746
t_57,19.47682,40.64198,0.025193963
t_570,19.74975,41.40333,0.12709638
t_571,19.77544,41.40023,0.11819344
t_572,19.78074,41.44526,0.105563365
t_573,19.74514,41.4418,0.12327875
t_574,19.74868,41.47905,0.11222584
t_575,19.77139,41.47744,0.09142522
t_576,19.77793,41.50065,0.090315625
t_577,19.79218,41.50395,0.07564334
t_578,19.79067,41.51358,0.071320176
t_579,19.77884,41.5207,0.08139082
t_58,19.49002,40.67267,0.024391785
t_580,19.74921,41.50252,0.08905311
t_581,19.68856,41.46907,0.1510563
t_582,19.70972,41.47003,0.13815282
t_583,19.72362,41.46747,0.12902138
t_584,19.72389,41.4809,0.12428896
t_585,19.7109,41.48227,0.13304006
t_586,19.71697,41.49936,0.1209372
t_587,19.68837,41.50956,0.13507614
t_588,19.67748,41.54712,0.11922633
t_589,19.72195,41.53795,0.09143895
t_59,19.50647,40.6642,0.021680076
t_590,19.70803,41.57388,0.09010304
t_591,19.67548,41.5681,0.11274563
t_592,19.69219,41.56753,0.1045172
t_593,19.69349,41.58121,0.09966947
t_594,19.67736,41.58028,0.10949115
t_595,19.76504,41.53945,0.07680697
t_596,19.74356,41.63293,0.063554205
t_597,19.6754,41.60927,0.10798025
t_598,19.70933,41.60075,0.095289685
t_599,19.7211,41.59663,0.08557294
t_6,19.38555,40.77793,0.03104912
t_60,19.52749,40.7117,0.026004896
t_600,19.72092,41.61416,0.07233176
t_601,19.71033,41.61991,0.08675205
t_602,19.71096,41.63358,0.08269849
t_603,19.72083,41.63403,0.06768378
t_604,19.72083,41.64688,0.068214804
t_605,19.7093,41.64827,0.08010775
t_606,19.67783,41.64346,0.09674198
t_607,19.67815,41.67165,0.08991097
t_608,19.71496,41.67841,0.07155476
t_609,19.70652,41.69853,0.06687544
t_61,19.47345,40.70261,0.024514938
t_610,19.68424,41.70633,0.07466288
t_611,19.77264,41.71278,0.054921016
t_612,19.78447,41.76573,0.047096435
t_613,19.68011,41.74923,0.05915376
t_614,19.69008,41.8617,0.04992941
t_615,19.72623,41.98612,0.031228587
t_616,19.74438,42.12125,0.02326336
t_617,19.69099,42.3133,0.014889736
t_618,19.736,42.39182,0.014705279
t_619,19.73597,42.50175,0.012718187
t_62,19.43263,40.67219,0.027809337
t_620,19.70086,42.62368,0.011011335
t_621,19.92361,39.90972,0.0061887368
t_622,19.87264,40.02664,0.0067146574
t_623,19.84976,40.08064,0.0074119205
t_624,19.8924,40.22853,0.009412363
t_625,19.85535,40.40598,0.012888868
t_626,19.82679,40.50668,0.01599528
t_627,19.80703,40.6116,0.017266912
t_628,19.8943,40.65239,0.01873059
t_629,19.87495,40.6875,0.017216465
t_63,19.43288,40.761,0.03389221
t_630,19.92917,40.6875,0.022916667
t_631,19.9125,40.69899,0.020251352
t_632,19.92083,40.69584,0.020228392
t_633,19.92917,40.69584,0.022409743
t_634,19.92917,40.70417,0.022345975
t_635,19.92083,40.70417,0.020222848
t_636,19.92211,40.71552,0.02270931
t_637,19.9125,40.72083,0.01955193
t_638,19.87861,40.72032,0.020876441
t_639,19.80417,40.70417,0.020321721
t_64,19.50025,40.74613,0.029797446
t_640,19.82644,40.74932,0.023182575
t_641,19.86097,40.74955,0.021148538
t_642,19.84583,40.76489,0.022889396
t_643,19.85892,40.76639,0.026326513
t_644,19.85741,40.77977,0.029120125
t_645,19.84476,40.78128,0.027755948
t_646,19.82153,40.78471,0.029590106
t_647,19.89529,40.75329,0.022172194
t_648,19.92177,40.74418,0.024977552
t_649,19.90668,40.76282,0.028299943
t_65,19.50739,40.83798,0.039516225
t_650,19.92916,40.76954,0.025105128
t_651,19.92402,40.78186,0.025794562
t_652,19.90417,40.77917,0.028552707
t_653,19.9125,40.77917,0.027395157
t_654,19.9125,40.7875,0.02692885
t_655,19.90417,40.7875,0.027613752
t_656,19.87969,40.77303,0.026210725
t_657,19.88398,40.80378,0.029763773
t_658,19.90417,40.79583,0.027974062
t_659,19.9125,40.79583,0.026756419
t_66,19.43477,40.82196,0.038794998
t_660,19.9125,40.80416,0.026956016
t_661,19.90417,40.80416,0.028660228
t_662,19.92136,40.80298,0.025953768
t_663,19.92083,40.81474,0.026899993
t_664,19.91206,40.81359,0.027881447
t_665,19.90892,40.83754,0.029440515
t_666,19.89508,40.83625,0.029410744
t_667,19.83611,40.8326,0.031920563
t_668,19.81978,40.88861,0.03386323
t_669,19.89761,40.89419,0.031570595
t_67,19.42796,40.90031,0.0459762
t_670,19.88424,40.95179,0.03773595
t_671,19.90856,40.94395,0.036492653
t_672,19.91914,40.97307,0.037245978
t_673,19.88888,40.97832,0.039744183
t_674,19.83446,40.96479,0.03825166
t_675,19.82526,41.00834,0.04227703
t_676,19.84214,41.00568,0.039063033
t_677,19.84569,41.04712,0.04651632
t_678,19.81816,41.04573,0.047374796
t_679,19.89176,41.02578,0.03777084
t_68,19.50557,40.88874,0.045223884
t_680,19.90161,41.06925,0.043548096
t_681,19.84915,41.06637,0.045746237
t_682,19.83148,41.16822,0.061057866
t_683,19.87923,41.15556,0.050689396
t_684,19.90371,41.24603,0.054991413
t_685,19.82708,41.22541,0.06837701
t_686,19.81077,41.26324,0.07697618
t_687,19.8261,41.2687,0.07625755
t_688,19.82083,41.27917,0.07293614
t_689,19.82917,41.27917,0.07237593
t_69,19.5273,40.98657,0.053915042
t_690,19.82917,41.2875,0.078034945
t_691,19.82083,41.2875,0.086150326
t_692,19.8089,41.27916,0.07982352
t_693,19.84024,41.26923,0.07340127
t_694,19.85744,41.26426,0.06823164
t_695,19.85759,41.28245,0.078877255
t_696,19.8375,41.27917,0.077261604
t_697,19.84583,41.27917,0.07166915
t_698,19.84583,41.2875,0.07643526
t_699,19.8375,41.2875,0.07377784
t_7,19.39583,41.4125,0.20897721
t_70,19.45083,40.935,0.045092374
t_700,19.84214,41.30215,0.09037549
t_701,19.85757,41.29922,0.08120783
t_702,19.8546,41.31815,0.082432345
t_703,19.8375,41.3125,0.08528113
t_704,19.84583,41.3125,0.08241133
t_705,19.84583,41.32084,0.079234846
t_706,19.8375,41.32084,0.08277731
t_707,19.80417,41.29583,0.089819334
t_708,19.8125,41.29583,0.08182266
t_709,19.8125,41.30416,0.08113855
t_71,19.46062,41.05417,0.06389258
t_710,19.80417,41.30416,0.0802162
t_711,19.82083,41.29583,0.07738618
t_712,19.82917,41.29583,0.077860795
t_713,19.82917,41.30416,0.08358843
t_714,19.82083,41.30416,0.08241929
t_715,19.82083,41.3125,0.08874689
t_716,19.82917,41.3125,0.086652644
t_717,19.82917,41.32084,0.08846119
t_718,19.82083,41.32084,0.0925748
t_719,19.80417,41.3125,0.08847732
t_72,19.52502,41.0106,0.05935225
t_720,19.8125,41.3125,0.09368779
t_721,19.8125,41.32084,0.09633649
t_722,19.80417,41.32084,0.097441144
t_723,19.87607,41.27516,0.07062852
t_724,19.90992,41.27109,0.064361885
t_725,19.9233,41.31551,0.05620727
t_726,19.87951,41.31148,0.074252576
t_727,19.87452,41.33284,0.073048756
t_728,19.88865,41.33308,0.06647664
t_729,19.89263,41.34856,0.059185717
t_73,19.49781,41.09477,0.074168645
t_730,19.87368,41.3478,0.073503494
t_731,19.90519,41.33281,0.060652144
t_732,19.9059,41.37005,0.056914303
t_733,19.87217,41.37874,0.069365874
t_734,19.80417,41.32917,0.098306276
t_735,19.8125,41.32917,0.09678371
t_736,19.8125,41.3375,0.09677605
t_737,19.80417,41.3375,0.10046359
t_738,19.82083,41.32917,0.09508439
t_739,19.82917,41.32917,0.092424475
t_74,19.4625,41.09456,0.07045667
t_740,19.82917,41.3375,0.09211155
t_741,19.82083,41.3375,0.094050676
t_742,19.82083,41.34583,0.095923126
t_743,19.82917,41.34583,0.09252165
t_744,19.82917,41.35417,0.10426851
t_745,19.82083,41.35417,0.09627942
t_746,19.80417,41.34583,0.10118499
t_747,19.8125,41.34583,0.09841029
t_748,19.8125,41.35417,0.09950093
t_749,19.80417,41.35417,0.11496318
t_75,19.46238,41.13738,0.09302746
t_750,19.8375,41.32917,0.08890404
t_751,19.84583,41.32917,0.0863537
t_752,19.84583,41.3375,0.086858384
t_753,19.8375,41.3375,0.089984275
t_754,19.85417,41.32917,0.08067668
t_755,19.8625,41.32917,0.078839175
t_756,19.8625,41.3375,0.079049066
t_757,19.85417,41.3375,0.08425461
t_758,19.85756,41.34749,0.07782484
t_759,19.8375,41.34583,0.08926655
t_76,19.5037,41.1601,0.094513506
t_760,19.84583,41.34583,0.0868534
t_761,19.84583,41.35417,0.084687136
t_762,19.8375,41.35417,0.090385616
t_763,19.85092,41.36617,0.08124786
t_764,19.81695,41.37067,0.09647578
t_765,19.83726,41.41981,0.0762828
t_766,19.82315,41.60809,0.055941585
t_767,19.83878,41.70545,0.045565087
t_768,19.89583,41.67987,0.04702915
t_769,19.8772,41.76751,0.044381242
t_77,19.49583,41.1962,0.1263174
t_770,19.85064,41.78307,0.044343952
t_771,19.87747,41.84295,0.03580809
t_772,19.81409,41.98347,0.030241672
t_773,19.91952,41.95942,0.02577838
t_774,19.8989,42.04615,0.02428705
t_775,19.83525,42.02951,0.026632473
t_776,19.86204,42.09748,0.021635137
t_777,19.84908,42.30109,0.01420961
t_778,19.85934,42.39791,0.0116233835
t_779,19.87989,42.47621,0.012041268
t_78,19.52179,41.2096,0.124290936
t_780,19.99166,39.70834,0.004726977
t_781,20.06177,39.72083,0.005631184
t_782,20.01408,39.76266,0.0059970235
t_783,19.99516,39.7625,0.0058892597
t_784,19.99583,39.79583,0.0052071046
t_785,20.0125,39.80416,0.006289651
t_786,20.0625,39.81842,0.00620462
t_787,20.03822,39.84411,0.006704039
t_788,20.0125,39.83334,0.005879989
t_789,20.02083,39.8375,0.0060723294
t_79,19.52314,41.24211,0.12923405
t_790,20.02372,39.84943,0.005858308
t_791,20.02481,39.86821,0.005776151
t_792,20.02662,39.87917,0.0059232297
t_793,20.00624,39.87981,0.005611616
t_794,20.04906,39.87941,0.006894311
t_795,20.05314,39.908,0.0068267323
t_796,20.02189,39.90262,0.007144947
t_797,19.9625,39.8875,0.0057516037
t_798,19.99448,39.87083,0.0061853444
t_799,19.99301,39.87937,0.005624046
t_8,19.38201,41.90411,0.057402864
t_80,19.4625,41.3125,0.18639416
t_800,19.97917,39.87917,0.005546716
t_801,19.98333,39.90833,0.0057711448
t_802,19.94972,39.90916,0.005893003
t_803,20.01116,39.94774,0.0063483915
t_804,20.00811,40.13017,0.0080676405
t_805,19.94615,40.21285,0.009494351
t_806,20.03333,40.225,0.008166662
t_807,20.0136,40.2875,0.0103725195
t_808,20.05425,40.27924,0.009184368
t_809,20.05,40.30833,0.008848321
t_81,19.4625,41.32084,0.20847689
t_810,20.01952,40.29984,0.010066284
t_811,19.9647,40.31338,0.010312146
t_812,19.97663,40.35212,0.011788367
t_813,20.03333,40.35833,0.009688871
t_814,20.03333,40.425,0.011627947
t_815,19.9627,40.4425,0.012618508
t_816,20.0,40.525,0.013649033
t_817,19.96667,40.625,0.016241102
t_818,20.04521,40.64218,0.016967505
t_819,20.01918,40.67939,0.018250918
t_82,19.45417,41.32084,0.20307294
t_820,19.94167,40.66666,0.016968157
t_821,19.95833,40.66666,0.018068401
t_822,19.95954,40.67994,0.017370911
t_823,19.94167,40.68333,0.017734833
t_824,19.98214,40.68351,0.019449404
t_825,19.97835,40.70003,0.020900242
t_826,19.9375,40.69584,0.021095896
t_827,19.94583,40.69584,0.018601298
t_828,19.94583,40.70417,0.021841384
t_829,19.9375,40.70417,0.022175442
t_83,19.4375,41.3125,0.17087957
t_830,19.95417,40.69584,0.017513843
t_831,19.9625,40.69584,0.019394515
t_832,19.9625,40.70417,0.021920983
t_833,19.95417,40.70417,0.022511235
t_834,19.95493,40.71995,0.02037954
t_835,19.94137,40.71535,0.022292294
t_836,19.94964,40.74849,0.022574116
t_837,20.02759,40.73006,0.019048853
t_838,20.00744,40.82548,0.025581244
t_839,19.98121,40.81283,0.023968484
t_84,19.44583,41.3125,0.17464723
t_840,19.94325,40.88516,0.030763285
t_841,19.97755,40.88539,0.027019443
t_842,19.99037,40.90819,0.028397292
t_843,19.94786,40.91254,0.03033199
t_844,20.00431,40.91688,0.026827179
t_845,20.02244,40.96602,0.029452646
t_846,19.94932,40.93203,0.031339597
t_847,19.98982,40.93381,0.03205278
t_848,19.97694,40.97078,0.03408645
t_849,19.94905,40.96994,0.03804315
t_85,19.44583,41.32084,0.18919738
t_850,19.94889,40.99911,0.038058724
t_851,19.975,41.0,0.03994451
t_852,19.99583,40.99583,0.03809694
t_853,19.99107,41.02076,0.03881107
t_854,19.97121,41.02083,0.039119255
t_855,19.98385,41.03471,0.03938939
t_856,19.95182,41.05151,0.038442302
t_857,20.01453,41.00413,0.035301864
t_858,20.04922,41.00805,0.033177856
t_859,20.04853,41.05,0.03469598
t_86,19.4375,41.32084,0.18116619
t_860,20.01226,41.04452,0.03839716
t_861,20.02072,41.07803,0.04047876
t_862,20.04286,41.0686,0.03962821
t_863,20.05592,41.06406,0.036763832
t_864,20.0606,41.082,0.03822022
t_865,20.04117,41.08501,0.041362815
t_866,20.04052,41.09824,0.041808646
t_867,20.05417,41.09583,0.04083432
t_868,20.0625,41.09583,0.040158805
t_869,20.0625,41.10417,0.040014774
t_87,19.52184,41.26613,0.14198387
t_870,20.05417,41.10417,0.039865274
t_871,20.05417,41.1125,0.039195012
t_872,20.0625,41.1125,0.03906771
t_873,20.0625,41.12083,0.035628848
t_874,20.05417,41.12083,0.03930746
t_875,20.04428,41.11665,0.03907152
t_876,20.02352,41.1047,0.036660697
t_877,19.97594,41.07422,0.037477527
t_878,19.97876,41.1766,0.042533804
t_879,20.03076,41.14108,0.037088852
t_88,19.52142,41.28464,0.15871389
t_880,20.05922,41.1986,0.038466346
t_881,19.95391,41.22092,0.04754314
t_882,20.02991,41.31821,0.043802656
t_883,19.9533,41.43797,0.054147314
t_884,20.03333,41.425,0.04276654
t_885,20.03333,41.49166,0.041669615
t_886,19.95417,41.4625,0.050165154
t_887,19.97639,41.5875,0.0514142
t_888,20.05401,41.55878,0.0451326
t_889,20.00417,41.59583,0.047370877
t_89,19.5125,41.2875,0.15967624
t_890,20.0125,41.59583,0.04497977
t_891,20.0125,41.60417,0.04354661
t_892,20.00417,41.60417,0.048307378
t_893,20.02548,41.60119,0.043399338
t_894,20.02242,41.61369,0.041253906
t_895,20.01164,41.6125,0.04366859
t_896,20.0375,41.60868,0.04094929
t_897,20.05034,41.64403,0.03991898
t_898,20.01842,41.63605,0.041208718
t_899,19.95,41.60833,0.04825911
t_9,19.38888,41.99014,0.04532296
t_90,19.50718,41.30065,0.17067617
t_900,19.98222,41.60722,0.050725333
t_901,19.98333,41.64167,0.046587992
t_902,19.95,41.64167,0.05035529
t_903,19.98551,41.70585,0.03971115
t_904,20.01975,41.87199,0.02751738
t_905,20.02144,41.97042,0.021904053
t_906,20.01594,42.09259,0.01880244
t_907,20.01007,42.28114,0.0139994295
t_908,19.97804,42.38261,0.011155786
t_909,19.98624,42.47396,0.012001788
t_91,19.52284,41.29797,0.18375501
t_910,20.17662,39.65417,0.004289444
t_911,20.09079,39.70237,0.005358349
t_912,20.16967,39.68382,0.004113134
t_913,20.17009,39.747,0.00464015
t_914,20.11835,39.77262,0.00505181
t_915,20.0996,39.85917,0.006011969
t_916,20.092,39.9498,0.0061011105
t_917,20.16667,39.95833,0.0056680855
t_918,20.16659,40.04126,0.0066361553
t_919,20.1,40.025,0.00629926
t_92,19.52508,41.31652,0.21026449
t_920,20.08333,40.075,0.006681943
t_921,20.10833,40.06667,0.0066290093
t_922,20.12083,40.0625,0.006529584
t_923,20.12917,40.0625,0.0065363613
t_924,20.12917,40.07084,0.006478351
t_925,20.12083,40.07084,0.006468001
t_926,20.12917,40.08029,0.0066180127
t_927,20.10833,40.08333,0.006476734
t_928,20.12219,40.10773,0.008194393
t_929,20.08953,40.12008,0.007089954
t_93,19.50555,41.31517,0.19394606
t_930,20.1375,40.0625,0.0065224473
t_931,20.14583,40.0625,0.0067332145
t_932,20.14583,40.07084,0.0069812452
t_933,20.1375,40.07084,0.006633314
t_934,20.1579,40.06966,0.0075538666
t_935,20.15552,40.08025,0.00837219
t_936,20.14102,40.08146,0.007423544
t_937,20.178,40.06974,0.008096225
t_938,20.18333,40.10833,0.008269286
t_939,20.14329,40.1059,0.0084193535
t_94,19.49583,41.30416,0.177626
t_940,20.14972,40.14551,0.0077820346
t_941,20.09527,40.16293,0.009382367
t_942,20.17216,40.30073,0.009600491
t_943,20.14585,40.38414,0.011977644
t_944,20.12119,40.56125,0.013651826
t_945,20.09517,40.61038,0.015015584
t_946,20.10417,40.6086,0.014020845
t_947,20.11667,40.64167,0.014439768
t_948,20.0709,40.62917,0.01533908
t_949,20.16667,40.625,0.0129311215
t_95,19.4875,41.3125,0.19331723
t_950,20.16667,40.69167,0.014203982
t_951,20.1,40.69167,0.015488808
t_952,20.1,40.75833,0.01812055
t_953,20.19007,40.78235,0.020513855
t_954,20.15,40.80833,0.020573584
t_955,20.18333,40.80833,0.019816976
t_956,20.175,40.83333,0.020945117
t_957,20.19167,40.83333,0.02099694
t_958,20.18765,40.85166,0.022762151
t_959,20.175,40.85,0.020428492
t_96,19.49583,41.3125,0.1994622
t_960,20.14017,40.85417,0.020349251
t_961,20.1,40.825,0.0204124
t_962,20.1,40.89166,0.023142599
t_963,20.14028,40.8625,0.0209939
t_964,20.18662,40.86832,0.020398088
t_965,20.17083,40.89583,0.0219445
t_966,20.14971,40.90839,0.023705155
t_967,20.19583,40.9875,0.02352607
t_968,20.07083,40.97083,0.027186194
t_969,20.07794,41.03265,0.031904504
t_97,19.49583,41.32084,0.20391698
t_970,20.19184,40.99756,0.023751851
t_971,20.14505,41.10264,0.02904668
t_972,20.08338,41.08139,0.03453151
t_973,20.10879,41.08299,0.031240122
t_974,20.10701,41.10265,0.036039412
t_975,20.12505,41.10052,0.031085128
t_976,20.12191,41.12062,0.035896942
t_977,20.10616,41.11858,0.03339969
t_978,20.07083,41.09583,0.04093464
t_979,20.07917,41.09583,0.03835823
t_98,19.4875,41.32084,0.22431947
t_980,20.07917,41.10417,0.038942017
t_981,20.07083,41.10417,0.039446577
t_982,20.0875,41.09583,0.036898002
t_983,20.09583,41.09583,0.03858386
t_984,20.09583,41.10417,0.03923277
t_985,20.0875,41.10417,0.03956183
t_986,20.0875,41.1125,0.03892602
t_987,20.09583,41.1125,0.03832945
t_988,20.09583,41.12083,0.03786938
t_989,20.0875,41.12083,0.039460756
t_99,19.47917,41.3125,0.18843903
t_990,20.07083,41.1125,0.039279763
t_991,20.07917,41.1125,0.039529957
t_992,20.07917,41.12083,0.036661472
t_993,20.07083,41.12083,0.036960818
t_994,20.09451,41.13164,0.03352232
t_995,20.15554,41.14703,0.031713434
t_996,20.18338,41.215,0.032692514
t_997,20.10683,41.19626,0.033681814
t_998,20.09887,41.32464,0.038367808
t_999,20.1,41.425,0.037000984
